{
  "SVM": {
    "accuracy": 0.7219430485762144,
    "precision_macro": 0.6501166709878143,
    "recall_macro": 0.6593732259973333,
    "f1_macro": 0.6543017173051896
  },
  "LSTM": {
    "accuracy": 0.6683417085427136,
    "precision_macro": 0.6765645094096976,
    "recall_macro": 0.5756786428990489,
    "f1_macro": 0.5980529384755157
  },
  "IndoBERT": {
    "accuracy": 0.7219430485762144,
    "precision_macro": 0.7029583834695655,
    "recall_macro": 0.6479011286582176,
    "f1_macro": 0.6656009236053095
  },
  "best_model": {
    "name": "SVM",
    "accuracy": 0.7219430485762144,
    "f1_macro": 0.6543017173051896
  }
}